CATEGORY/ITEM #, VENDOR A , VENDOR B 
ELECTRONICS-1, $127.00 , $149.95 
ELECTRONICS-2, $28.00 , $49.95 
ELECTRONICS-3, $136.25 , $149.99 
ELECTRONICS-4, $32.88 , $34.99 
ELECTRONICS-5, $197.00 , $199.99 
ELECTRONICS-6, $38.00 , $49.95 
ELECTRONICS-7, $12.00 , $15.00 
ELECTRONICS-8, $59.50 , $80.99 
ELECTRONICS-9, $5.50 , $12.00 
ELECTRONICS-10, $14.50 , $99.99 
ELECTRONICS-11, $18.04 , $19.00 
ELECTRONICS-12, $14.02 , $15.00 
ELECTRONICS-13, $34.21 , $19.99 
ELECTRONICS-14, $26.90 , $39.99 
ELECTRONICS-15, $27.00 , $29.00 
ELECTRONICS-16, $297.00 , $199.00 
ELECTRONICS-17, $47.00 , $49.95 
ELECTRONICS-18, $102.21 , $109.99 
ELECTRONICS-19, $184.95 , $139.99 
ELECTRONICS-20," $2,543.21 "," $1,999.95 "
ELECTRONICS-21, $247.00 , $249.00 
ELECTRONICS-22, $206.13 , $189.99 
ELECTRONICS-23, $734.41 , $479.99 
ELECTRONICS-24, $428.40 , $479.00 
ELECTRONICS-25, $297.00 , $299.95 
ELECTRONICS-26, $92.50 , $109.99 
ELECTRONICS-27, $19.74 , $19.99 
ELECTRONICS-28, $713.50 , $528.00 
ELECTRONICS-29, $247.00 , $349.96 
ELECTRONICS-30, $28.25 , $29.99 
ELECTRONICS-31, $239.40 , $119.85 
ELECTRONICS-32, $22.75 , $19.99 
ELECTRONICS-33, $22.50 , $29.99 
ELECTRONICS-34, $104.25 , $34.99 
ELECTRONICS-35, $127.00 , $129.99 
ELECTRONICS-36, $32.00 , $39.99 
ELECTRONICS-37, $35.00 , $49.99 
ELECTRONICS-38, $15.00 , $34.99 
ELECTRONICS-39, $45.00 , $49.99 
ELECTRONICS-40, $19.00 , $8.95 
ELECTRONICS-41, $276.25 , $179.99 
ELECTRONICS-42, $923.25 , $699.99 
ELECTRONICS-43, $955.50 , $799.99 
ELECTRONICS-44, $747.75 , $799.99 
ELECTRONICS-45," $3,875.25 "," $2,199.99 "
ELECTRONICS-46, $247.00 , $129.99 
ELECTRONICS-47, $18.00 , $20.00 
ELECTRONICS-48, $35.00 , $24.95 
ELECTRONICS-49, $35.00 , $19.99 
ELECTRONICS-50, $277.25 , $299.99 
ELECTRONICS-51, $915.75 , $899.99 
ELECTRONICS-52, $645.50 , $549.99 
ELECTRONICS-53, $297.00 , $199.95 
ELECTRONICS-54, $397.00 , $399.95 
ELECTRONICS-55, $10.38 , $10.69 
ELECTRONICS-56, $26.73 , $29.00 
ELECTRONICS-57, $18.58 , $20.00 
ELECTRONICS-58, $116.00 , $129.95 
ELECTRONICS-59, $28.00 , $29.00 
ELECTRONICS-60, $208.00 , $229.99 
ELECTRONICS-61, $288.00 , $229.99 
ELECTRONICS-62, $814.00 , $879.99 
ELECTRONICS-63, $913.75 , $999.99 
ELECTRONICS-64, $65.22 , $49.99 
ELECTRONICS-65, $119.25 , $129.99 
ELECTRONICS-66, $847.51 , $677.99 
ELECTRONICS-67, $625.33 , $599.99 
ELECTRONICS-68, $498.00 , $499.95 
ELECTRONICS-69," $1,145.25 ", $899.99 
ELECTRONICS-70," $1,697.59 "," $1,209.99 "
ELECTRONICS-71," $1,197.58 "," $1,209.99 "
ELECTRONICS-72, $439.75 , $449.99 
ELECTRONICS-73, $570.00 , $229.99 
ELECTRONICS-74, $297.00 , $304.99 
ELECTRONICS-75," $2,798.00 "," $1,499.99 "
ELECTRONICS-76, $127.00 , $149.95 
ELECTRONICS-77," $1,197.00 ", $799.99 
ELECTRONICS-78, $397.00 , $299.99 
ELECTRONICS-79, $28.00 , $49.99 
ELECTRONICS-80, $38.00 , $59.99 
ELECTRONICS-81, $117.40 , $91.98 
ELECTRONICS-82, $47.40 , $44.99 
ELECTRONICS-83, $150.50 , $44.99 
ELECTRONICS-84, $110.40 , $119.99 
ELECTRONICS-85, $247.00 , $249.95 
ELECTRONICS-86, $233.20 , $249.99 
ELECTRONICS-87, $569.00 , $999.99 
ELECTRONICS-88, $776.50 , $549.99 
ELECTRONICS-89, $628.20 , $629.99 
ELECTRONICS-90, $121.60 , $129.99 
ELECTRONICS-91, $237.40 , $249.99 
ELECTRONICS-92, $282.80 , $299.99 
ELECTRONICS-93, $187.50 , $129.99 
ELECTRONICS-94, $370.20 , $99.99 
ELECTRONICS-95, $141.60 , $99.99 
ELECTRONICS-96," $1,423.50 "," $1,799.99 "
ELECTRONICS-97, $15.00 , $54.95 
ELECTRONICS-98, $56.40 , $49.95 
ELECTRONICS-99, $284.00 , $299.99 
ELECTRONICS-100, $37.00 , $49.95 
ELECTRONICS-101, $38.00 , $59.95 
ELECTRONICS-102, $28.00 , $49.95 
ELECTRONICS-103, $31.75 , $39.95 
ELECTRONICS-104," $1,097.50 "," $1,399.95 "
ELECTRONICS-105, $63.25 , $99.99 
ELECTRONICS-106, $872.54 , $899.99 
ELECTRONICS-107," $1,250.10 "," $1,299.00 "
ELECTRONICS-108, $247.00 , $249.00 
ELECTRONICS-109, $63.55 , $79.95 
ELECTRONICS-110, $555.87 , $499.99 
ELECTRONICS-111, $147.00 , $150.00 
ELECTRONICS-112, $425.60 , $528.00 
ELECTRONICS-113, $568.40 , $759.99 
ELECTRONICS-114, $21.00 , $20.00 
ELECTRONICS-115, $949.00 , $699.99 
ELECTRONICS-116, $281.80 , $189.98 
ELECTRONICS-117, $127.00 , $129.99 
ELECTRONICS-118, $37.40 , $39.95 
ELECTRONICS-119, $18.50 , $15.96 
ELECTRONICS-120, $28.00 , $10.99 
ELECTRONICS-121, $297.00 , $299.95 
ELECTRONICS-122, $56.80 , $39.95 
ELECTRONICS-123, $38.00 , $39.99 
ELECTRONICS-124, $247.00 , $249.95 
ELECTRONICS-125, $56.40 , $54.95 
ELECTRONICS-126, $38.00 , $39.99 
ELECTRONICS-127, $56.50 , $49.99 
ELECTRONICS-128, $120.00 , $120.00 
ELECTRONICS-129, $165.84 , $169.95 
ELECTRONICS-130, $17.28 , $15.96 
ELECTRONICS-131, $184.57 , $199.99 
ELECTRONICS-132, $294.19 , $194.95 
ELECTRONICS-133, $55.00 , $59.95 
ELECTRONICS-134, $7.00 , $12.95 
ELECTRONICS-135, $34.97 , $30.57 
ELECTRONICS-136, $174.84 , $133.22 
ELECTRONICS-137, $297.00 , $299.99 
ELECTRONICS-138, $321.00 , $399.99 
ELECTRONICS-139, $297.00 , $199.95 
ELECTRONICS-140, $397.00 , $479.97 
ELECTRONICS-141," $1,075.00 "," $1,095.95 "
ELECTRONICS-142, $860.23 , $699.99 
ELECTRONICS-143, $639.75 , $649.99 
ELECTRONICS-144, $90.25 , $129.00 
ELECTRONICS-145, $135.50 , $149.99 
ELECTRONICS-146, $93.25 , $499.99 
ELECTRONICS-147, $108.75 , $119.99 
ELECTRONICS-148, $37.50 , $19.99 
ELECTRONICS-149, $310.25 , $189.98 
ELECTRONICS-150, $118.75 , $119.99 
ELECTRONICS-151, $147.00 , $149.95 
ELECTRONICS-152, $14.75 , $24.99 
ELECTRONICS-153, $37.00 , $29.99 
ELECTRONICS-154, $24.25 , $35.99 
ELECTRONICS-155, $14.75 , $19.99 
ELECTRONICS-156, $18.75 , $19.99 
ELECTRONICS-157, $14.00 , $19.99 
ELECTRONICS-158, $113.00 , $79.99 
ELECTRONICS-159, $70.40 , $79.99 
ELECTRONICS-160, $19.00 , $44.99 
ELECTRONICS-161, $7.60 , $12.00 
ELECTRONICS-162, $151.00 , $189.00 
ELECTRONICS-163, $349.60 , $399.99 
ELECTRONICS-164, $497.00 , $499.99 
ELECTRONICS-165, $127.00 , $129.95 
ELECTRONICS-166, $297.00 , $299.99 
ELECTRONICS-167, $20.00 , $39.99 
ELECTRONICS-168, $469.20 , $699.99 
ELECTRONICS-169, $30.80 , $39.99 
ELECTRONICS-170, $41.00 , $45.03 
ELECTRONICS-171, $297.00 , $299.95 
ELECTRONICS-172, $311.60 , $399.99 
ELECTRONICS-173, $330.60 , $399.99 
ELECTRONICS-174, $190.00 , $349.00 
ELECTRONICS-175, $900.50 , $499.00 
ELECTRONICS-176, $38.22 , $29.99 
ELECTRONICS-177, $5.00 , $9.99 
ELECTRONICS-178, $5.25 , $9.99 
ELECTRONICS-179, $18.57 , $14.99 
ELECTRONICS-180, $37.00 , $29.99 
ELECTRONICS-181, $12.25 , $29.99 
ELECTRONICS-182, $147.00 , $199.99 
ELECTRONICS-183, $1.99 , $1.99 
ELECTRONICS-184, $5.00 , $4.99 
ELECTRONICS-185, $4.53 , $4.99 
ELECTRONICS-186, $397.00 , $399.00 
ELECTRONICS-187, $697.00 , $699.00 
ELECTRONICS-188, $63.00 , $69.00 
ELECTRONICS-189, $47.00 , $79.00 
ELECTRONICS-190, $28.80 , $39.00 
ELECTRONICS-191, $26.00 , $29.00 
ELECTRONICS-192, $27.20 , $29.49 
ELECTRONICS-193, $46.50 , $49.00 
ELECTRONICS-194, $26.50 , $39.95 
ELECTRONICS-195, $424.50 , $249.99 
ELECTRONICS-196, $296.75 , $299.99 
ELECTRONICS-197, $40.75 , $34.99 
ELECTRONICS-198, $197.00 , $199.99 
ELECTRONICS-199, $461.50 , $499.99 
ELECTRONICS-200, $34.25 , $39.99 
ELECTRONICS-201, $13.75 , $19.99 
ELECTRONICS-202, $17.50 , $19.99 
ELECTRONICS-203, $47.25 , $59.99 
ELECTRONICS-204, $284.75 , $499.99 
ELECTRONICS-205, $92.50 , $119.99 
ELECTRONICS-206, $7.00 , $9.99 
ELECTRONICS-207, $379.00 , $849.95 
ELECTRONICS-208, $375.80 , $259.99 
ELECTRONICS-209, $142.20 , $249.99 
ELECTRONICS-210, $84.20 , $34.99 
ELECTRONICS-211, $86.00 , $89.99 
ELECTRONICS-212, $206.00 , $249.95 
ELECTRONICS-213, $20.00 , $59.99 
ELECTRONICS-214, $56.50 , $129.99 
ELECTRONICS-215, $20.60 , $24.99 
ELECTRONICS-216, $71.20 , $49.00 
ELECTRONICS-217, $18.00 , $29.95 
ELECTRONICS-218, $176.00 , $199.95 
ELECTRONICS-219, $17.40 , $69.99 
ELECTRONICS-220, $46.00 , $29.99 
ELECTRONICS-221, $140.60 , $99.99 
ELECTRONICS-222, $24.75 , $16.79 
ELECTRONICS-223, $7.00 , $15.00 
ELECTRONICS-224, $12.00 , $20.00 
ELECTRONICS-225, $9.00 , $10.00 
ELECTRONICS-226, $46.80 , $119.99 
ELECTRONICS-227, $236.50 , $249.99 
ELECTRONICS-228, $10.00 , $10.00 
ELECTRONICS-229, $17.80 , $10.00 
ELECTRONICS-230, $35.25 , $49.99 
ELECTRONICS-231, $47.00 , $49.95 
ELECTRONICS-232, $128.50 , $139.99 
ELECTRONICS-233, $113.00 , $99.99 
ELECTRONICS-234, $125.80 , $99.99 
ELECTRONICS-235, $283.20 , $299.95 
ELECTRONICS-236, $502.40 , $599.99 
ELECTRONICS-237, $120.50 , $199.99 
ELECTRONICS-238, $199.99 , $199.95 
ELECTRONICS-239, $23.99 , $24.99 
ELECTRONICS-240, $37.00 , $49.99 
ELECTRONICS-241, $59.97 , $44.99 
ELECTRONICS-242," $1,534.50 ", $174.99 
ELECTRONICS-243, $234.25 , $284.63 
ELECTRONICS-244, $12.00 , $14.95 
ELECTRONICS-245, $10.25 , $19.99 
ELECTRONICS-246, $434.75 , $429.99 
ELECTRONICS-247, $254.50 , $279.88 
ELECTRONICS-248, $197.00 , $199.95 
ELECTRONICS-249, $54.50 , $199.95 
ELECTRONICS-250, $38.00 , $39.95 
ELECTRONICS-251, $197.00 , $199.95 
ELECTRONICS-252, $54.50 , $50.00 
ELECTRONICS-253, $38.00 , $39.95 
ELECTRONICS-254, $108.75 , $199.95 
ELECTRONICS-255, $12.00 , $14.95 
ELECTRONICS-256, $856.50 ," $1,099.99 "
ELECTRONICS-257, $876.25 , $999.99 
ELECTRONICS-258, $674.58 , $979.99 
ELECTRONICS-259, $218.23 , $249.99 
ELECTRONICS-260, $47.53 , $69.99 
ELECTRONICS-261, $45.21 , $34.99 
ELECTRONICS-262, $45.21 , $109.99 
ELECTRONICS-263, $138.26 , $249.99 
ELECTRONICS-264, $297.00 , $249.00 
ELECTRONICS-265, $68.47 , $49.99 
ELECTRONICS-266, $75.25 , $99.99 
ELECTRONICS-267, $138.26 , $105.00 
ELECTRONICS-268, $473.61 , $199.99 
ELECTRONICS-269, $157.00 , $159.00 
ELECTRONICS-270, $35.26 , $49.99 
ELECTRONICS-271, $118.22 , $134.99 
ELECTRONICS-272, $7.00 , $15.00 
ELECTRONICS-273, $727.00 , $729.00 
ELECTRONICS-274, $47.00 , $49.00 
ELECTRONICS-275, $147.00 , $149.00 
ELECTRONICS-276, $46.52 , $99.99 
ELECTRONICS-277, $24.54 , $24.99 
ELECTRONICS-278, $81.62 , $109.99 
ELECTRONICS-279, $55.87 , $79.99 
ELECTRONICS-280, $247.00 , $249.99 
ELECTRONICS-281, $84.73 , $129.99 
ELECTRONICS-282, $12.00 , $18.75 
ELECTRONICS-283, $247.00 , $249.99 
ELECTRONICS-284, $53.26 , $54.95 
ELECTRONICS-285, $53.26 , $54.95 
ELECTRONICS-286, $238.11 , $219.99 
ELECTRONICS-287, $923.56 ," $1,399.95 "
ELECTRONICS-288," $1,750.14 ", $999.99 
ELECTRONICS-289, $353.26 , $399.99 
ELECTRONICS-290, $167.25 , $229.99 
ELECTRONICS-291, $9.99 , $7.00 
ELECTRONICS-292, $38.00 , $49.95 
ELECTRONICS-293, $32.25 , $27.99 
ELECTRONICS-294, $19.00 , $39.99 
ELECTRONICS-295, $32.50 , $39.99 
ELECTRONICS-296, $40.00 , $39.99 
ELECTRONICS-297, $51.00 , $49.99 
ELECTRONICS-298, $14.75 , $19.99 
ELECTRONICS-299, $55.00 , $29.99 
ELECTRONICS-300, $127.00 , $169.99 
ELECTRONICS-301, $97.00 , $99.99 
ELECTRONICS-302, $147.00 , $199.95 
ELECTRONICS-303, $26.00 , $34.98 
ELECTRONICS-304, $147.00 , $149.95 
ELECTRONICS-305, $9.75 , $19.95 
ELECTRONICS-306, $14.50 , $7.98 
ELECTRONICS-307, $55.52 , $49.99 
ELECTRONICS-308, $181.25 , $229.99 
ELECTRONICS-309, $14.75 , $16.99 
ELECTRONICS-310, $49.25 , $79.99 
ELECTRONICS-311, $210.50 , $199.99 
ELECTRONICS-312, $415.65 , $399.95 
ELECTRONICS-313, $55.25 , $129.00 
ELECTRONICS-314, $9.50 , $0.99 
ELECTRONICS-315, $29.99 , $321.00 
ELECTRONICS-316, $100.00 , $100.00 
ELECTRONICS-317, $597.00 , $599.99 
ELECTRONICS-318, $37.00 , $39.99 
ELECTRONICS-319, $24.00 , $29.99 
ELECTRONICS-320, $397.00 , $299.99 
ELECTRONICS-321, $19.00 , $49.95 
ELECTRONICS-322, $36.00 , $49.95 
ELECTRONICS-323, $67.95 , $54.99 
ELECTRONICS-324, $127.00 , $99.99 
ELECTRONICS-325, $25.00 , $24.95 
ELECTRONICS-326, $697.00 , $499.99 
ELECTRONICS-327, $197.00 , $199.99 
ELECTRONICS-328, $127.00 , $129.99 
ELECTRONICS-329, $290.40 , $399.99 
ELECTRONICS-330, $287.80 , $199.99 
ELECTRONICS-331, $20.20 , $29.99 
ELECTRONICS-332, $88.60 , $34.99 
ELECTRONICS-333, $84.40 , $109.99 
ELECTRONICS-334, $89.25 , $99.99 
ELECTRONICS-335, $109.75 , $69.99 
ELECTRONICS-336, $297.00 , $199.00 
ELECTRONICS-337, $894.00 , $868.99 
ELECTRONICS-338," $1,029.75 ", $899.99 
ELECTRONICS-339, $118.50 , $89.99 
ELECTRONICS-340, $463.50 , $449.99 
ELECTRONICS-341, $45.00 , $34.99 
ELECTRONICS-342, $143.25 , $154.99 
ELECTRONICS-343, $186.00 , $449.99 
ELECTRONICS-344, $644.25 , $999.99 
ELECTRONICS-345, $170.00 , $379.00 
ELECTRONICS-346, $92.06 , $129.99 
ELECTRONICS-347, $247.00 , $299.99 
ELECTRONICS-348, $147.00 , $149.99 
ELECTRONICS-349, $28.00 , $39.95 
ELECTRONICS-350, $159.00 , $174.00 
ELECTRONICS-351, $32.26 , $39.99 
ELECTRONICS-352, $749.58 , $499.00 
ELECTRONICS-353, $247.00 , $249.95 
ELECTRONICS-354, $29.95 , $24.99 
ELECTRONICS-355, $396.75 , $579.99 
ELECTRONICS-356, $303.50 , $322.57 
ELECTRONICS-357, $319.50 , $249.98 
ELECTRONICS-358, $181.50 , $229.99 
ELECTRONICS-359, $120.25 , $124.98 
ELECTRONICS-360, $136.75 , $299.99 
ELECTRONICS-361, $40.75 , $99.99 
ELECTRONICS-362, $207.25 , $249.99 
ELECTRONICS-363, $136.50 , $179.99 
ELECTRONICS-364, $104.75 , $199.99 
ELECTRONICS-365, $136.75 , $299.99 
ELECTRONICS-366, $13.50 , $69.99 
ELECTRONICS-367, $9.50 , $20.00 
ELECTRONICS-368, $87.75 , $64.99 
ELECTRONICS-369, $497.00 , $629.95 
ELECTRONICS-370, $231.25 , $329.99 
ELECTRONICS-371, $414.50 , $449.99 
ELECTRONICS-372, $18.50 , $34.97 
ELECTRONICS-373, $497.00 , $499.95 
ELECTRONICS-374, $147.25 , $199.00 
ELECTRONICS-375, $101.75 , $89.99 
ELECTRONICS-376, $44.25 , $29.99 
ELECTRONICS-377, $64.75 , $73.99 
ELECTRONICS-378, $923.25 ," $1,299.99 "
ELECTRONICS-379, $923.25 ," $2,199.99 "
ELECTRONICS-380, $46.25 , $39.99 
ELECTRONICS-381, $229.25 , $269.99 
ELECTRONICS-382, $72.25 , $99.99 
ELECTRONICS-383, $388.25 , $279.99 
ELECTRONICS-384, $44.00 , $39.99 
ELECTRONICS-385, $83.25 , $89.99 
ELECTRONICS-386, $229.75 , $129.99 
ELECTRONICS-387, $247.00 , $249.95 
ELECTRONICS-388, $37.50 , $39.99 
ELECTRONICS-389, $71.25 , $49.99 
ELECTRONICS-390, $297.00 , $299.99 
ELECTRONICS-391, $167.00 , $169.99 
ELECTRONICS-392, $115.00 , $129.99 
ELECTRONICS-393, $297.00 , $199.95 
ELECTRONICS-394, $46.75 , $59.99 
ELECTRONICS-395, $147.00 , $129.95 
ELECTRONICS-396, $12.00 , $15.99 
ELECTRONICS-397, $700.00 , $229.99 
ELECTRONICS-398, $99.00 , $49.99 
ELECTRONICS-399, $297.50 , $349.99 
ELECTRONICS-400, $29.75 , $34.99 
ELECTRONICS-401, $12.00 , $10.00 
ELECTRONICS-402, $245.75 , $169.99 
ELECTRONICS-403, $415.50 , $549.99 
ELECTRONICS-404, $8.25 , $20.00 
ELECTRONICS-405, $41.50 , $39.99 
ELECTRONICS-406, $397.75 , $499.99 
ELECTRONICS-407, $259.25 , $199.99 
ELECTRONICS-408, $397.75 , $549.99 
ELECTRONICS-409, $832.50 , $899.99 
ELECTRONICS-410, $40.00 , $39.00 
ELECTRONICS-411, $36.40 , $44.44 
ELECTRONICS-412, $22.00 , $40.00 
ELECTRONICS-413, $74.60 , $54.99 
ELECTRONICS-414, $75.20 , $98.00 
ELECTRONICS-415, $13.80 , $15.00 
ELECTRONICS-416, $89.20 , $130.00 
ELECTRONICS-417, $35.00 , $24.99 
ELECTRONICS-418, $35.00 , $24.99 
ELECTRONICS-419, $91.00 , $99.99 
ELECTRONICS-420, $35.00 , $24.99 
ELECTRONICS-421," $1,545.50 "," $1,499.99 "
ELECTRONICS-422, $119.50 , $99.99 
ELECTRONICS-423, $167.00 , $169.99 
ELECTRONICS-424, $127.00 , $129.99 
ELECTRONICS-425, $35.00 , $24.95 
ELECTRONICS-426, $35.00 , $34.95 
ELECTRONICS-427, $12.00 , $12.95 
ELECTRONICS-428, $18.00 , $21.95 
ELECTRONICS-429, $7.25 , $8.00 
ELECTRONICS-430, $22.75 , $89.99 
ELECTRONICS-431, $882.50 , $879.99 
ELECTRONICS-432, $9.00 , $14.99 
ELECTRONICS-433," $2,089.50 "," $1,899.99 "
ELECTRONICS-434, $376.00 , $399.99 
ELECTRONICS-435, $38.00 , $49.95 
ELECTRONICS-436, $449.00 , $399.99 
ELECTRONICS-437, $272.25 , $349.99 
ELECTRONICS-438, $18.25 , $29.99 
ELECTRONICS-439, $59.75 , $69.99 
ELECTRONICS-440, $645.50 , $699.99 
ELECTRONICS-441, $414.25 , $479.99 
ELECTRONICS-442, $297.00 , $299.99 
ELECTRONICS-443, $297.00 , $249.99 
ELECTRONICS-444, $4.75 , $20.00 
ELECTRONICS-445, $4.75 , $20.00 
ELECTRONICS-446, $17.50 , $15.96 
ELECTRONICS-447, $950.00 ," $1,549.95 "
ELECTRONICS-448, $407.40 , $299.99 
ELECTRONICS-449, $56.80 , $109.99 
ELECTRONICS-450, $16.50 , $29.00 
ELECTRONICS-451, $414.50 , $449.99 
,,
,,